X,Y,orientation,timestamp
52.38750457763672,110.5453872680664,-0.5719326734542847,2019/08/20 07:43:08.084
52.38750457763672,110.5453872680664,-0.5719326734542847,2019/08/20 07:43:08.177
52.38750457763672,110.5453872680664,-0.5719326734542847,2019/08/20 07:43:08.279
52.38750457763672,110.5453872680664,-0.5719326734542847,2019/08/20 07:43:08.374
52.38750457763672,110.5453872680664,-0.5719326734542847,2019/08/20 07:43:08.497
52.38750457763672,110.5453872680664,-0.5719326734542847,2019/08/20 07:43:08.574
52.38750457763672,110.5453872680664,-0.5719326734542847,2019/08/20 07:43:08.684
52.38750457763672,110.5453872680664,-0.5719326734542847,2019/08/20 07:43:08.776
52.38750457763672,110.5453872680664,-0.5719326734542847,2019/08/20 07:43:08.890
52.38750457763672,110.5453872680664,-0.5719326734542847,2019/08/20 07:43:08.984
52.38750457763672,110.5453872680664,-0.5719326734542847,2019/08/20 07:43:09.097
52.38750457763672,110.5453872680664,-0.5719326734542847,2019/08/20 07:43:09.190
52.38750457763672,110.5453872680664,-0.5719326734542847,2019/08/20 07:43:09.314
52.38750457763672,110.5453872680664,-0.5719326734542847,2019/08/20 07:43:09.375
52.38750457763672,110.5453872680664,-0.5719326734542847,2019/08/20 07:43:09.514
52.38750457763672,110.5453872680664,-0.5719326734542847,2019/08/20 07:43:09.590
52.38871765136719,110.54537200927734,-0.5663521885871887,2019/08/20 07:43:09.717
52.39512252807617,110.54531860351562,-0.41526079177856445,2019/08/20 07:43:09.780
52.40623092651367,110.54523468017578,-0.5143460631370544,2019/08/20 07:43:09.883
52.41501235961914,110.5451431274414,-0.6606978178024292,2019/08/20 07:43:09.979
52.42372131347656,110.54505157470703,-0.6142274141311646,2019/08/20 07:43:10.085
52.432403564453125,110.54495239257812,-0.6327739953994751,2019/08/20 07:43:10.175
52.44101333618164,110.54486083984375,-0.6221433281898499,2019/08/20 07:43:10.305
52.4495964050293,110.54476928710938,-0.6243024468421936,2019/08/20 07:43:10.376
52.45823287963867,110.54467010498047,-0.6122444868087769,2019/08/20 07:43:10.486
52.46686553955078,110.5445785522461,-0.6056105494499207,2019/08/20 07:43:10.593
52.47720718383789,110.54447174072266,-0.6157782673835754,2019/08/20 07:43:10.681
52.48267364501953,110.5444107055664,-0.6793253421783447,2019/08/20 07:43:10.776
52.48480224609375,110.54438781738281,-0.6381625533103943,2019/08/20 07:43:10.883
52.486385345458984,110.54436492919922,-0.6555551886558533,2019/08/20 07:43:10.983
52.48843765258789,110.54434204101562,-0.654915452003479,2019/08/20 07:43:11.084
52.489501953125,110.5443344116211,-0.6487128734588623,2019/08/20 07:43:11.185
52.48979949951172,110.54432678222656,-0.6658828258514404,2019/08/20 07:43:11.283
52.48979949951172,110.54432678222656,-0.6881405711174011,2019/08/20 07:43:11.390
52.490516662597656,110.54431915283203,-0.6680662631988525,2019/08/20 07:43:11.486
52.496971130371094,110.54425048828125,-0.46247637271881104,2019/08/20 07:43:11.582
52.50587844848633,110.54418182373047,-0.5604928731918335,2019/08/20 07:43:11.685
52.5146598815918,110.5440673828125,-0.8307400345802307,2019/08/20 07:43:11.800
52.52309799194336,110.54396057128906,-0.6914716958999634,2019/08/20 07:43:11.891
52.53178024291992,110.5438461303711,-0.7659912705421448,2019/08/20 07:43:11.985
52.540435791015625,110.54373168945312,-0.7809255719184875,2019/08/20 07:43:12.081
52.55117416381836,110.54359436035156,-0.7313398122787476,2019/08/20 07:43:12.176
52.56121826171875,110.54264831542969,-0.7115717530250549,2019/08/20 07:43:12.280
52.57377624511719,110.54019165039062,-0.5438751578330994,2019/08/20 07:43:12.382
52.58216094970703,110.54010772705078,-0.5604442358016968,2019/08/20 07:43:12.475
52.58829879760742,110.54005432128906,-0.48421964049339294,2019/08/20 07:43:12.586
52.591041564941406,110.54003143310547,-0.4924539029598236,2019/08/20 07:43:12.681
52.592750549316406,110.5400161743164,-0.48362937569618225,2019/08/20 07:43:12.780
52.595001220703125,110.53999328613281,-0.49782902002334595,2019/08/20 07:43:12.874
52.596214294433594,110.53998565673828,-0.5028747916221619,2019/08/20 07:43:13.025
52.59623718261719,110.53998565673828,-0.514832079410553,2019/08/20 07:43:13.075
52.596214294433594,110.53998565673828,-0.5066179037094116,2019/08/20 07:43:13.189
52.596214294433594,110.53998565673828,-0.5111851096153259,2019/08/20 07:43:13.278
52.59992599487305,110.53995513916016,-0.4466671645641327,2019/08/20 07:43:13.394
52.60818862915039,110.53990936279297,-0.24947360157966614,2019/08/20 07:43:13.480
52.617191314697266,110.53984832763672,-0.5575364232063293,2019/08/20 07:43:13.597
52.62788009643555,110.53974151611328,-0.5083481073379517,2019/08/20 07:43:13.680
52.636539459228516,110.53966522216797,-0.5338194966316223,2019/08/20 07:43:13.784
52.64509963989258,110.53958129882812,-0.5480179190635681,2019/08/20 07:43:13.877
52.65375518798828,110.53950500488281,-0.5306822657585144,2019/08/20 07:43:13.990
52.662391662597656,110.53942108154297,-0.5524098873138428,2019/08/20 07:43:14.075
52.671051025390625,110.53933715820312,-0.5418763756752014,2019/08/20 07:43:14.190
52.67963409423828,110.53925323486328,-0.5686715841293335,2019/08/20 07:43:14.285
52.68705368041992,110.5391845703125,-0.5699110627174377,2019/08/20 07:43:14.385
52.69234848022461,110.53913116455078,-0.543481707572937,2019/08/20 07:43:14.477
52.694305419921875,110.53910827636719,-0.5755428075790405,2019/08/20 07:43:14.585
52.69601058959961,110.53909301757812,-0.558785617351532,2019/08/20 07:43:14.683
52.69707489013672,110.5390853881836,-0.5684788823127747,2019/08/20 07:43:14.782
52.69739532470703,110.53907775878906,-0.5476568341255188,2019/08/20 07:43:14.923
52.69739532470703,110.53907775878906,-0.5630780458450317,2019/08/20 07:43:14.990
52.697471618652344,110.53907775878906,-0.5567272305488586,2019/08/20 07:43:15.085
52.697471618652344,110.53907775878906,-0.5567272305488586,2019/08/20 07:43:15.193
52.70058822631836,110.53904724121094,-0.540743887424469,2019/08/20 07:43:15.284
52.70865249633789,110.53899383544922,-0.3202632963657379,2019/08/20 07:43:15.374
52.71760940551758,110.53892517089844,-0.578660249710083,2019/08/20 07:43:15.485
52.72614288330078,110.53883361816406,-0.5850458145141602,2019/08/20 07:43:15.583
52.734703063964844,110.53875732421875,-0.5490092635154724,2019/08/20 07:43:15.683
52.743412017822266,110.53866577148438,-0.6067113876342773,2019/08/20 07:43:15.793
52.75209426879883,110.53857421875,-0.5832264423370361,2019/08/20 07:43:15.909
52.7628288269043,110.53846740722656,-0.5991042852401733,2019/08/20 07:43:15.981
52.75583267211914,110.5362319946289,-0.7244781255722046,2019/08/20 07:43:16.082
52.764076232910156,110.53608703613281,-0.744659960269928,2019/08/20 07:43:16.184
52.77189254760742,110.53598022460938,-0.7475394010543823,2019/08/20 07:43:16.291
52.776817321777344,110.53591918945312,-0.7145856618881226,2019/08/20 07:43:16.390
52.77864456176758,110.53589630126953,-0.7425834536552429,2019/08/20 07:43:16.486
52.78032684326172,110.53587341308594,-0.6995012164115906,2019/08/20 07:43:16.580
52.78230667114258,110.53585052490234,-0.7514488697052002,2019/08/20 07:43:16.679
52.78314971923828,110.53584289550781,-0.6874927878379822,2019/08/20 07:43:16.825
52.78314971923828,110.53584289550781,-0.7373119592666626,2019/08/20 07:43:16.893
52.78312301635742,110.53584289550781,-0.7242531180381775,2019/08/20 07:43:17.039
52.78312301635742,110.53584289550781,-0.7242531180381775,2019/08/20 07:43:17.091
52.78388977050781,110.53582763671875,-0.7245728969573975,2019/08/20 07:43:17.179
52.79056930541992,110.53575897216797,-0.5258767604827881,2019/08/20 07:43:17.292
52.79930114746094,110.53567504882812,-0.666430652141571,2019/08/20 07:43:17.384
52.81026077270508,110.53551483154297,-0.8252957463264465,2019/08/20 07:43:17.483
52.81867218017578,110.53540802001953,-0.7254254221916199,2019/08/20 07:43:17.577
52.8274040222168,110.53528594970703,-0.8082742691040039,2019/08/20 07:43:17.689
52.83613586425781,110.53516387939453,-0.7726354598999023,2019/08/20 07:43:17.775
52.84462356567383,110.5350570678711,-0.7804315686225891,2019/08/20 07:43:17.897
52.853328704833984,110.5349349975586,-0.8045521378517151,2019/08/20 07:43:17.975
52.86196517944336,110.5348129272461,-0.7783663272857666,2019/08/20 07:43:18.089
52.8702507019043,110.53470611572266,-0.76807701587677,2019/08/20 07:43:18.177
52.877498626708984,110.53460693359375,-0.7364680767059326,2019/08/20 07:43:18.280
52.88004684448242,110.5345687866211,-0.7491791844367981,2019/08/20 07:43:18.382
52.881927490234375,110.5345458984375,-0.7728508710861206,2019/08/20 07:43:18.490
52.88368225097656,110.5345230102539,-0.7534425258636475,2019/08/20 07:43:18.577
52.883907318115234,110.5345230102539,-0.7699598073959351,2019/08/20 07:43:18.690
52.88368225097656,110.5345230102539,-0.7798905372619629,2019/08/20 07:43:18.825
52.88370895385742,110.5345230102539,-0.7697724103927612,2019/08/20 07:43:18.884
52.88477325439453,110.53450775146484,-0.7587736248970032,2019/08/20 07:43:18.979
52.89142608642578,110.53443145751953,-0.5354271531105042,2019/08/20 07:43:19.085
52.900333404541016,110.53434753417969,-0.6703792810440063,2019/08/20 07:43:19.192
52.90916442871094,110.53422546386719,-0.8449846506118774,2019/08/20 07:43:19.280
52.917625427246094,110.53411102294922,-0.7112719416618347,2019/08/20 07:43:19.382
52.9263801574707,110.53398895263672,-0.8067309260368347,2019/08/20 07:43:19.483
52.93498992919922,110.53387451171875,-0.7689179182052612,2019/08/20 07:43:19.580
52.943572998046875,110.53376007080078,-0.7853581309318542,2019/08/20 07:43:19.678
52.95421600341797,110.53388977050781,-0.7749044895172119,2019/08/20 07:43:19.777
52.955326080322266,110.54113006591797,-0.16245624423027039,2019/08/20 07:43:19.874
52.963539123535156,110.54110717773438,-0.16329532861709595,2019/08/20 07:43:19.984
52.96965026855469,110.54109191894531,-0.1491880863904953,2019/08/20 07:43:20.073
52.97269058227539,110.54108428955078,-0.1348126232624054,2019/08/20 07:43:20.180
52.97447204589844,110.54107666015625,-0.1583796888589859,2019/08/20 07:43:20.286
52.97620391845703,110.54107666015625,-0.13169284164905548,2019/08/20 07:43:20.391
52.977020263671875,110.54106903076172,-0.05615753307938576,2019/08/20 07:43:20.500
52.97699737548828,110.54106903076172,-0.04884794354438782,2019/08/20 07:43:20.579
52.97699737548828,110.54106903076172,-0.08297345042228699,2019/08/20 07:43:20.676
52.977046966552734,110.54106903076172,-0.08971638232469559,2019/08/20 07:43:20.784
52.98276138305664,110.54106903076172,0.05688018724322319,2019/08/20 07:43:20.876
52.9914436340332,110.54109954833984,0.18963006138801575,2019/08/20 07:43:20.979
53.00035095214844,110.54109191894531,-0.17394275963306427,2019/08/20 07:43:21.079
53.008811950683594,110.54107666015625,-0.02175438590347767,2019/08/20 07:43:21.189
53.01742172241211,110.54107666015625,-0.09576050937175751,2019/08/20 07:43:21.284
53.0283088684082,110.54106140136719,-0.05712950974702835,2019/08/20 07:43:21.393
53.03691864013672,110.54104614257812,-0.06553333252668381,2019/08/20 07:43:21.476
53.04560089111328,110.5410385131836,-0.07293647527694702,2019/08/20 07:43:21.586
53.05423355102539,110.54103088378906,-0.06641589850187302,2019/08/20 07:43:21.682
53.062721252441406,110.541015625,-0.0792030394077301,2019/08/20 07:43:21.782
53.069400787353516,110.54100799560547,-0.08796627819538116,2019/08/20 07:43:21.875
53.07341003417969,110.54100036621094,-0.07588043808937073,2019/08/20 07:43:21.991
53.07509231567383,110.54100036621094,-0.0697908103466034,2019/08/20 07:43:22.077
53.07694625854492,110.54100036621094,-0.07326725870370865,2019/08/20 07:43:22.190
53.0783576965332,110.5409927368164,-0.0811401829123497,2019/08/20 07:43:22.276
53.07884979248047,110.5409927368164,-0.07398206740617752,2019/08/20 07:43:22.422
53.078800201416016,110.5409927368164,-0.05450862646102905,2019/08/20 07:43:22.479
53.07875061035156,110.5409927368164,-0.05427136272192001,2019/08/20 07:43:22.606
53.07884979248047,110.5409927368164,-0.05427136272192001,2019/08/20 07:43:22.674
53.08595275878906,110.54100036621094,0.14589129388332367,2019/08/20 07:43:22.782
53.09471130371094,110.54102325439453,0.04470444098114967,2019/08/20 07:43:22.877
53.10354232788086,110.54100799560547,-0.15063026547431946,2019/08/20 07:43:23.011
53.11187744140625,110.5409927368164,-0.023654472082853317,2019/08/20 07:43:23.077
53.12056350708008,110.54097747802734,-0.12134156376123428,2019/08/20 07:43:23.190
53.1292724609375,110.54096221923828,-0.08543150871992111,2019/08/20 07:43:23.277
53.137855529785156,110.54094696044922,-0.10312046855688095,2019/08/20 07:43:23.394
53.146541595458984,110.54093170166016,-0.11507407575845718,2019/08/20 07:43:23.495
53.15747833251953,110.53732299804688,-0.24108131229877472,2019/08/20 07:43:23.580
53.16586685180664,110.53728485107422,-0.2532258927822113,2019/08/20 07:43:23.677
53.1723747253418,110.53726196289062,-0.2552703022956848,2019/08/20 07:43:23.779
53.17549133300781,110.53724670410156,-0.23747475445270538,2019/08/20 07:43:23.881
53.177223205566406,110.53723907470703,-0.24970993399620056,2019/08/20 07:43:23.983
53.1790771484375,110.5372314453125,-0.23711428046226501,2019/08/20 07:43:24.083
53.17987060546875,110.5372314453125,-0.240482896566391,2019/08/20 07:43:24.184
53.1799430847168,110.5372314453125,-0.20696695148944855,2019/08/20 07:43:24.304
53.17999267578125,110.53722381591797,-0.2271159440279007,2019/08/20 07:43:24.445
53.180015563964844,110.53722381591797,-0.194473534822464,2019/08/20 07:43:24.498
53.180015563964844,110.53722381591797,-0.194473534822464,2019/08/20 07:43:24.582
53.184051513671875,110.53721618652344,-0.15976184606552124,2019/08/20 07:43:24.678
53.192386627197266,110.53721618652344,0.11216016858816147,2019/08/20 07:43:24.777
53.20134353637695,110.5372085571289,-0.253891259431839,2019/08/20 07:43:24.883
53.20985412597656,110.53717041015625,-0.180648073554039,2019/08/20 07:43:24.975
53.22061538696289,110.53713989257812,-0.21274371445178986,2019/08/20 07:43:25.082
53.229347229003906,110.537109375,-0.20458833873271942,2019/08/20 07:43:25.176
53.238006591796875,110.53707885742188,-0.19021964073181152,2019/08/20 07:43:25.291
53.24656677246094,110.53704833984375,-0.21398615837097168,2019/08/20 07:43:25.374
53.25520324707031,110.53701782226562,-0.19967472553253174,2019/08/20 07:43:25.485
53.26383590698242,110.5369873046875,-0.20511451363563538,2019/08/20 07:43:25.577
53.27140808105469,110.53695678710938,-0.2218196541070938,2019/08/20 07:43:25.686
53.275909423828125,110.53694152832031,-0.19614756107330322,2019/08/20 07:43:25.777
53.27813720703125,110.53693389892578,-0.21674968302249908,2019/08/20 07:43:25.884
53.2799186706543,110.53692626953125,-0.21640877425670624,2019/08/20 07:43:25.973
53.281795501708984,110.53691864013672,-0.21321460604667664,2019/08/20 07:43:26.081
53.2819709777832,110.53691864013672,-0.24139048159122467,2019/08/20 07:43:26.237
53.28184509277344,110.53691864013672,-0.22278788685798645,2019/08/20 07:43:26.286
53.28184509277344,110.53691864013672,-0.24048404395580292,2019/08/20 07:43:26.375
53.28184509277344,110.53691864013672,-0.24048404395580292,2019/08/20 07:43:26.485
53.28184509277344,110.53691864013672,-0.24048404395580292,2019/08/20 07:43:26.572
53.28184509277344,110.53691864013672,-0.24048404395580292,2019/08/20 07:43:26.720
53.28184509277344,110.53691864013672,-0.24048404395580292,2019/08/20 07:43:26.773
53.28207015991211,110.53691864013672,-0.23413322865962982,2019/08/20 07:43:26.880
53.28783416748047,110.53690338134766,-0.08680176734924316,2019/08/20 07:43:26.979
53.29646682739258,110.53689575195312,-0.084632009267807,2019/08/20 07:43:27.094
53.30535125732422,110.53685760498047,-0.3629269003868103,2019/08/20 07:43:27.173
53.31596374511719,110.53680419921875,-0.21704047918319702,2019/08/20 07:43:27.276
53.3246955871582,110.5367660522461,-0.30499494075775146,2019/08/20 07:43:27.370
53.33338165283203,110.53671264648438,-0.2951943874359131,2019/08/20 07:43:27.484
53.34198760986328,110.53667449951172,-0.28599366545677185,2019/08/20 07:43:27.576
53.350547790527344,110.53662872314453,-0.3003666400909424,2019/08/20 07:43:27.689
53.360469818115234,110.53599548339844,-0.1834295094013214,2019/08/20 07:43:27.778
53.369384765625,110.53581237792969,-0.1640569418668747,2019/08/20 07:43:27.895
53.376136779785156,110.5357894897461,-0.14589369297027588,2019/08/20 07:43:27.978
53.37972640991211,110.53578186035156,-0.14256596565246582,2019/08/20 07:43:28.088
53.3814811706543,110.53578186035156,-0.12123636156320572,2019/08/20 07:43:28.177
53.38338851928711,110.53577423095703,-0.14195342361927032,2019/08/20 07:43:28.292
53.384498596191406,110.53577423095703,-0.13452397286891937,2019/08/20 07:43:28.381
53.3850212097168,110.53577423095703,-0.13250155746936798,2019/08/20 07:43:28.498
53.3850212097168,110.53577423095703,-0.11931974440813065,2019/08/20 07:43:28.644
53.3850212097168,110.53577423095703,-0.15514248609542847,2019/08/20 07:43:28.680
53.385860443115234,110.5357666015625,-0.1615515649318695,2019/08/20 07:43:28.797
53.39461898803711,110.53575897216797,0.0616212822496891,2019/08/20 07:43:28.882
53.40359878540039,110.53575897216797,-0.1298951357603073,2019/08/20 07:43:28.976
53.41230773925781,110.53572845458984,-0.21646283566951752,2019/08/20 07:43:29.079
53.42079544067383,110.53570556640625,-0.10307131707668304,2019/08/20 07:43:29.183
53.42947769165039,110.53568267822266,-0.18450310826301575,2019/08/20 07:43:29.278
53.43806076049805,110.53565979003906,-0.14266864955425262,2019/08/20 07:43:29.380
53.446720123291016,110.53563690185547,-0.16465188562870026,2019/08/20 07:43:29.487
53.45542907714844,110.53561401367188,-0.16931819915771484,2019/08/20 07:43:29.581
53.466217041015625,110.53557586669922,-0.17648915946483612,2019/08/20 07:43:29.676
53.474159240722656,110.53555297851562,-0.1700715571641922,2019/08/20 07:43:29.798
53.47959899902344,110.53553771972656,-0.18153215944766998,2019/08/20 07:43:29.876
53.481876373291016,110.53553009033203,-0.16656768321990967,2019/08/20 07:43:29.983
53.48353576660156,110.5355224609375,-0.16596347093582153,2019/08/20 07:43:30.077
53.48541259765625,110.5355224609375,-0.19853314757347107,2019/08/20 07:43:30.189
53.48650360107422,110.53551483154297,-0.18166139721870422,2019/08/20 07:43:30.319
53.48637771606445,110.53551483154297,-0.16851554811000824,2019/08/20 07:43:30.389
53.48635482788086,110.53551483154297,-0.14215946197509766,2019/08/20 07:43:30.488
53.48635482788086,110.53551483154297,-0.14215946197509766,2019/08/20 07:43:30.594
53.48810958862305,110.53551483154297,-0.14412900805473328,2019/08/20 07:43:30.675
53.495361328125,110.53550720214844,0.0915345847606659,2019/08/20 07:43:30.783
53.50429153442383,110.53551483154297,-0.10162027925252914,2019/08/20 07:43:30.879
53.51297378540039,110.53548431396484,-0.2504667043685913,2019/08/20 07:43:30.988
53.5213623046875,110.53545379638672,-0.12062008678913116,2019/08/20 07:43:31.073
53.532196044921875,110.53541564941406,-0.22278155386447906,2019/08/20 07:43:31.182
53.54083251953125,110.53539276123047,-0.1877106875181198,2019/08/20 07:43:31.274
53.54946517944336,110.53536224365234,-0.197377547621727,2019/08/20 07:43:31.391
53.558101654052734,110.53533172607422,-0.19921788573265076,2019/08/20 07:43:31.481
53.580787658691406,110.54473876953125,-0.0530870221555233,2019/08/20 07:43:31.582
53.589027404785156,110.54473114013672,-0.07779809832572937,2019/08/20 07:43:31.675
53.59469223022461,110.54472351074219,-0.024797147139906883,2019/08/20 07:43:31.780
53.59748840332031,110.54472351074219,-0.07704440504312515,2019/08/20 07:43:31.873
53.59926986694336,110.54472351074219,-0.00080420623999089,2019/08/20 07:43:31.986
53.60114669799805,110.54472351074219,-0.05134008824825287,2019/08/20 07:43:32.072
53.6020393371582,110.54472351074219,-0.02520694024860859,2019/08/20 07:43:32.177
53.60240936279297,110.54472351074219,0.0016167907742783427,2019/08/20 07:43:32.275
53.60240936279297,110.54472351074219,-0.016787199303507805,2019/08/20 07:43:32.377
53.602386474609375,110.54472351074219,-0.010441808961331844,2019/08/20 07:43:32.479
53.602386474609375,110.54472351074219,-0.010441808961331844,2019/08/20 07:43:32.576
53.602386474609375,110.54472351074219,-0.010441808961331844,2019/08/20 07:43:32.839
53.602386474609375,110.54472351074219,-0.010441808961331844,2019/08/20 07:43:32.879
53.602386474609375,110.54472351074219,-0.010441808961331844,2019/08/20 07:43:32.908
53.602386474609375,110.54472351074219,-0.010441808961331844,2019/08/20 07:43:32.989
53.602386474609375,110.54472351074219,-0.010441808961331844,2019/08/20 07:43:33.074
53.604957580566406,110.54472351074219,0.003319555427879095,2019/08/20 07:43:33.177
53.61250305175781,110.54473876953125,0.26983001828193665,2019/08/20 07:43:33.274
53.62371063232422,110.54476928710938,-0.03358006477355957,2019/08/20 07:43:33.376
53.632171630859375,110.54476165771484,-0.021853763610124588,2019/08/20 07:43:33.483
53.64080810546875,110.54476165771484,0.00736281368881464,2019/08/20 07:43:33.579
53.64958953857422,110.54476165771484,-0.024220706894993782,2019/08/20 07:43:33.683
53.658172607421875,110.54476165771484,-0.0024726842530071735,2019/08/20 07:43:33.776
53.6668586730957,110.54476165771484,-0.023773550987243652,2019/08/20 07:43:33.878
53.67549133300781,110.54475402832031,-0.01695713959634304,2019/08/20 07:43:33.979
53.68412780761719,110.54475402832031,-0.01747792586684227,2019/08/20 07:43:34.098
53.69389724731445,110.54474639892578,-0.018294963985681534,2019/08/20 07:43:34.175
53.69795608520508,110.54474639892578,-0.04722891002893448,2019/08/20 07:43:34.282
53.69976043701172,110.54474639892578,-0.0327349416911602,2019/08/20 07:43:34.373
53.701568603515625,110.54474639892578,-0.0076591866090893745,2019/08/20 07:43:34.482
53.70347213745117,110.54474639892578,-0.048206690698862076,2019/08/20 07:43:34.579
53.7039909362793,110.54474639892578,-0.04851628839969635,2019/08/20 07:43:34.688
53.70421600341797,110.54474639892578,-0.046552836894989014,2019/08/20 07:43:34.795
53.70423889160156,110.54474639892578,-0.05026320740580559,2019/08/20 07:43:34.891
53.70646667480469,110.54473876953125,-0.09361769258975983,2019/08/20 07:43:34.979
53.71381378173828,110.54474639892578,0.1389162838459015,2019/08/20 07:43:35.082
53.722694396972656,110.54475402832031,-0.09643346816301346,2019/08/20 07:43:35.175
53.73145294189453,110.54472351074219,-0.14391137659549713,2019/08/20 07:43:35.293
53.73991394042969,110.54470825195312,-0.09627999365329742,2019/08/20 07:43:35.375
53.74864959716797,110.54469299316406,-0.1425357460975647,2019/08/20 07:43:35.484
53.75733184814453,110.54467010498047,-0.1291007697582245,2019/08/20 07:43:35.577
53.76811981201172,110.54464721679688,-0.13502764701843262,2019/08/20 07:43:35.686
53.77667999267578,110.54463195800781,-0.1241343542933464,2019/08/20 07:43:35.776
53.788734436035156,110.54150390625,-0.3228677213191986,2019/08/20 07:43:35.884
53.796627044677734,110.54145812988281,-0.3528558313846588,2019/08/20 07:43:35.977
53.80187225341797,110.54142761230469,-0.30140823125839233,2019/08/20 07:43:36.084
53.80412292480469,110.54141235351562,-0.32547396421432495,2019/08/20 07:43:36.177
53.805782318115234,110.5414047241211,-0.30477583408355713,2019/08/20 07:43:36.282
53.80768585205078,110.54139709472656,-0.30962592363357544,2019/08/20 07:43:36.376
53.808998107910156,110.54138946533203,-0.31742051243782043,2019/08/20 07:43:36.485
53.80887222290039,110.54138946533203,-0.3269070088863373,2019/08/20 07:43:36.582
53.80887222290039,110.54138946533203,-0.3289605379104614,2019/08/20 07:43:36.679
53.80887222290039,110.54138946533203,-0.3289605379104614,2019/08/20 07:43:36.821
53.80887222290039,110.54138946533203,-0.3289605379104614,2019/08/20 07:43:36.883
53.81001281738281,110.5413818359375,-0.32445722818374634,2019/08/20 07:43:36.987
53.817012786865234,110.54135131835938,-0.10645725578069687,2019/08/20 07:43:37.079
53.82807159423828,110.54132080078125,-0.34464436769485474,2019/08/20 07:43:37.180
53.83673095703125,110.541259765625,-0.3853883147239685,2019/08/20 07:43:37.277
53.84524154663086,110.54120635986328,-0.32314831018447876,2019/08/20 07:43:37.379
53.85390090942383,110.54115295410156,-0.37589505314826965,2019/08/20 07:43:37.486
53.862483978271484,110.54109954833984,-0.36239340901374817,2019/08/20 07:43:37.592
53.87114334106445,110.54104614257812,-0.3631640374660492,2019/08/20 07:43:37.678
53.87980270385742,110.54098510742188,-0.38452041149139404,2019/08/20 07:43:37.780
53.88843536376953,110.54093170166016,-0.36970284581184387,2019/08/20 07:43:37.879
53.89835739135742,110.54086303710938,-0.40878501534461975,2019/08/20 07:43:37.994
53.90362548828125,110.54082489013672,-0.35495978593826294,2019/08/20 07:43:38.075
53.90592575073242,110.54080963134766,-0.3906939923763275,2019/08/20 07:43:38.181
53.90760803222656,110.54080200195312,-0.3610716462135315,2019/08/20 07:43:38.276
53.90953826904297,110.54078674316406,-0.37411996722221375,2019/08/20 07:43:38.385
53.90983581542969,110.54078674316406,-0.3869055509567261,2019/08/20 07:43:38.512
53.90980911254883,110.54078674316406,-0.32162007689476013,2019/08/20 07:43:38.594
53.90983581542969,110.54078674316406,-0.3649381995201111,2019/08/20 07:43:38.689
53.90998458862305,110.54078674316406,-0.3649381995201111,2019/08/20 07:43:38.787
53.915401458740234,110.54075622558594,-0.22325144708156586,2019/08/20 07:43:38.872
53.92388916015625,110.54074096679688,-0.1319590061903,2019/08/20 07:43:38.982
53.932743072509766,110.54069519042969,-0.458078533411026,2019/08/20 07:43:39.073
53.94118118286133,110.54063415527344,-0.33571261167526245,2019/08/20 07:43:39.189
53.949790954589844,110.54058074951172,-0.3913552165031433,2019/08/20 07:43:39.278
53.958499908447266,110.54052734375,-0.37610292434692383,2019/08/20 07:43:39.385
53.96928405761719,110.54045104980469,-0.37075474858283997,2019/08/20 07:43:39.475
53.977970123291016,110.54039764404297,-0.38658440113067627,2019/08/20 07:43:39.585
53.987205505371094,110.53990173339844,-0.3837029039859772,2019/08/20 07:43:39.680
53.99732208251953,110.53868103027344,-0.3438011109828949,2019/08/20 07:43:39.784
54.00424575805664,110.53863525390625,-0.36025169491767883,2019/08/20 07:43:39.880
54.00785827636719,110.53861236572266,-0.336520254611969,2019/08/20 07:43:39.977
54.009666442871094,110.53860473632812,-0.34676387906074524,2019/08/20 07:43:40.074
54.011470794677734,110.53858947753906,-0.3240601420402527,2019/08/20 07:43:40.176
54.01340103149414,110.53858184814453,-0.34624096751213074,2019/08/20 07:43:40.279
54.01384735107422,110.53857421875,-0.3162984549999237,2019/08/20 07:43:40.391
54.01399612426758,110.53857421875,-0.37524110078811646,2019/08/20 07:43:40.540
54.01399612426758,110.53857421875,-0.33689719438552856,2019/08/20 07:43:40.596
54.01399612426758,110.53857421875,-0.3477344810962677,2019/08/20 07:43:40.684
54.01866912841797,110.5385513305664,-0.25759273767471313,2019/08/20 07:43:40.779
54.027008056640625,110.53852844238281,-0.16375821828842163,2019/08/20 07:43:40.875
54.03806686401367,110.53846740722656,-0.4629294276237488,2019/08/20 07:43:40.979
54.04652786254883,110.53840637207031,-0.33354148268699646,2019/08/20 07:43:41.074
54.05521011352539,110.5383529663086,-0.3962951600551605,2019/08/20 07:43:41.179
54.06389617919922,110.53829193115234,-0.3983111083507538,2019/08/20 07:43:41.282
54.072479248046875,110.5382308959961,-0.3931281864643097,2019/08/20 07:43:41.376
54.08108901977539,110.53816986083984,-0.408725380897522,2019/08/20 07:43:41.483
54.08974838256836,110.5381088256836,-0.4011693596839905,2019/08/20 07:43:41.579
54.09838104248047,110.53804779052734,-0.40155088901519775,2019/08/20 07:43:41.694
54.10704040527344,110.5379867553711,-0.42511746287345886,2019/08/20 07:43:41.778
54.11037826538086,110.5379638671875,-0.3722189962863922,2019/08/20 07:43:41.879
54.112159729003906,110.53794860839844,-0.3895634114742279,2019/08/20 07:43:41.980
54.11391830444336,110.5379409790039,-0.36207669973373413,2019/08/20 07:43:42.085
54.11552429199219,110.53792572021484,-0.4118082821369171,2019/08/20 07:43:42.177
54.11616897583008,110.53792572021484,-0.34261953830718994,2019/08/20 07:43:42.306
54.116241455078125,110.53792572021484,-0.4150054156780243,2019/08/20 07:43:42.376
54.116241455078125,110.53792572021484,-0.39938515424728394,2019/08/20 07:43:42.496
54.116241455078125,110.53792572021484,-0.40965694189071655,2019/08/20 07:43:42.575
54.11980438232422,110.53790283203125,-0.3453819453716278,2019/08/20 07:43:42.699
54.12797164916992,110.53787231445312,-0.15952904522418976,2019/08/20 07:43:42.774
54.1369514465332,110.5378189086914,-0.4661695659160614,2019/08/20 07:43:42.881
54.14553451538086,110.5377426147461,-0.4712367355823517,2019/08/20 07:43:42.979
54.15406799316406,110.53768157958984,-0.4171677529811859,2019/08/20 07:43:43.082
54.16272735595703,110.53761291503906,-0.4623567759990692,2019/08/20 07:43:43.175
54.173439025878906,110.53752899169922,-0.45647963881492615,2019/08/20 07:43:43.279
54.18207550048828,110.53746032714844,-0.4618453085422516,2019/08/20 07:43:43.374
54.19073486328125,110.53739166259766,-0.46362602710723877,2019/08/20 07:43:43.491
54.19305419921875,110.54653930664062,-0.16448356211185455,2019/08/20 07:43:43.578
54.2005500793457,110.54651641845703,-0.1825525164604187,2019/08/20 07:43:43.687
54.20515441894531,110.54650115966797,-0.12130000442266464,2019/08/20 07:43:43.774
54.207305908203125,110.54649353027344,-0.15507830679416656,2019/08/20 07:43:43.885
54.209434509277344,110.54649353027344,-0.13414868712425232,2019/08/20 07:43:43.981
54.210792541503906,110.5464859008789,-0.16475972533226013,2019/08/20 07:43:44.081
54.211116790771484,110.5464859008789,-0.09466022998094559,2019/08/20 07:43:44.174
54.21084213256836,110.5464859008789,-0.10394152253866196,2019/08/20 07:43:44.783
54.21084213256836,110.5464859008789,-0.10394152253866196,2019/08/20 07:43:44.828
54.21084213256836,110.5464859008789,-0.10394152253866196,2019/08/20 07:43:44.861
54.21084213256836,110.5464859008789,-0.10394152253866196,2019/08/20 07:43:44.893
54.21084213256836,110.5464859008789,-0.10394152253866196,2019/08/20 07:43:44.920
54.2133674621582,110.5464859008789,-0.0861186534166336,2019/08/20 07:43:44.979
54.220218658447266,110.54649353027344,0.0987401008605957,2019/08/20 07:43:45.078
54.22939682006836,110.5464859008789,-0.11199164390563965,2019/08/20 07:43:45.177
54.238380432128906,110.54647827148438,-0.00585766788572073,2019/08/20 07:43:45.283
54.24703598022461,110.54647064208984,-0.06328724324703217,2019/08/20 07:43:45.380
54.25562286376953,110.54646301269531,-0.039374615997076035,2019/08/20 07:43:45.478
54.26646041870117,110.54645538330078,-0.03831423074007034,2019/08/20 07:43:45.578
54.27504348754883,110.54644775390625,-0.04237459972500801,2019/08/20 07:43:45.681
54.28372573852539,110.54644775390625,-0.026288986206054688,2019/08/20 07:43:45.778
54.29238510131836,110.54644012451172,-0.03902599960565567,2019/08/20 07:43:45.880
54.30055236816406,110.54643249511719,-0.043723199516534805,2019/08/20 07:43:45.985
54.305843353271484,110.54642486572266,-0.12598516047000885,2019/08/20 07:43:46.077
54.30807113647461,110.54642486572266,-0.11590365320444107,2019/08/20 07:43:46.180
54.31005096435547,110.54641723632812,-0.12504735589027405,2019/08/20 07:43:46.275
54.3116340637207,110.54641723632812,-0.11668668687343597,2019/08/20 07:43:46.378
54.31242752075195,110.54641723632812,-0.18167123198509216,2019/08/20 07:43:46.478
54.312400817871094,110.54641723632812,-0.12018676102161407,2019/08/20 07:43:46.578
54.312400817871094,110.54641723632812,-0.1336628943681717,2019/08/20 07:43:46.678
54.312400817871094,110.54641723632812,-0.1336628943681717,2019/08/20 07:43:46.779
54.312400817871094,110.54641723632812,-0.1336628943681717,2019/08/20 07:43:46.903
54.312400817871094,110.54641723632812,-0.1336628943681717,2019/08/20 07:43:46.999
54.312400817871094,110.54641723632812,-0.1336628943681717,2019/08/20 07:43:47.097
54.312400817871094,110.54641723632812,-0.1336628943681717,2019/08/20 07:43:47.191
54.31509780883789,110.5464096069336,-0.1552475392818451,2019/08/20 07:43:47.273
54.322940826416016,110.54640197753906,0.07855985313653946,2019/08/20 07:43:47.384
54.331947326660156,110.54639434814453,-0.22510886192321777,2019/08/20 07:43:47.481
54.34062957763672,110.54635620117188,-0.25252485275268555,2019/08/20 07:43:47.586
54.34914016723633,110.54632568359375,-0.17325249314308167,2019/08/20 07:43:47.679
54.35995101928711,110.5462875366211,-0.2089013010263443,2019/08/20 07:43:47.787
54.368560791015625,110.54625701904297,-0.17834550142288208,2019/08/20 07:43:47.875
54.37714385986328,110.54622650146484,-0.21913255751132965,2019/08/20 07:43:47.989
54.38587951660156,110.54619598388672,-0.21258722245693207,2019/08/20 07:43:48.075
54.394798278808594,110.55224609375,-0.03342379257082939,2019/08/20 07:43:48.183
54.402587890625,110.55323791503906,-0.04036145657300949,2019/08/20 07:43:48.275
54.40775680541992,110.55323791503906,0.06814795732498169,2019/08/20 07:43:48.385
54.40980911254883,110.55323791503906,0.028871357440948486,2019/08/20 07:43:48.474
54.411964416503906,110.55323791503906,0.06489972025156021,2019/08/20 07:43:48.587
54.413795471191406,110.5532455444336,0.01723041571676731,2019/08/20 07:43:48.677
54.414215087890625,110.5532455444336,0.13286322355270386,2019/08/20 07:43:48.778
54.41411590576172,110.5532455444336,0.14723798632621765,2019/08/20 07:43:48.923
54.41411590576172,110.5532455444336,0.10803348571062088,2019/08/20 07:43:48.985
54.416786193847656,110.5532455444336,0.16719937324523926,2019/08/20 07:43:49.085
54.42433166503906,110.55329132080078,0.3339197039604187,2019/08/20 07:43:49.179
54.43556594848633,110.55333709716797,0.14251995086669922,2019/08/20 07:43:49.277
54.4442253112793,110.55335235595703,0.16723348200321198,2019/08/20 07:43:49.374
54.45270919799805,110.55338287353516,0.17720377445220947,2019/08/20 07:43:49.476
54.46144104003906,110.55340576171875,0.14527900516986847,2019/08/20 07:43:49.578
54.47005081176758,110.55342864990234,0.1668727546930313,2019/08/20 07:43:49.678
54.47868728637695,110.55345916748047,0.1568901538848877,2019/08/20 07:43:49.786
54.487396240234375,110.55348205566406,0.16517721116542816,2019/08/20 07:43:49.877
54.49595642089844,110.55350494384766,0.14723272621631622,2019/08/20 07:43:49.981
54.50372314453125,110.55352783203125,0.18132102489471436,2019/08/20 07:43:50.077
54.509761810302734,110.55354309082031,0.10149356722831726,2019/08/20 07:43:50.174
54.511714935302734,110.55354309082031,0.15761889517307281,2019/08/20 07:43:50.282
54.51344680786133,110.55355072021484,0.14339017868041992,2019/08/20 07:43:50.378
54.515079498291016,110.55355072021484,0.12356695532798767,2019/08/20 07:43:50.485
54.51567459106445,110.55355072021484,0.07295196503400803,2019/08/20 07:43:50.574
54.515647888183594,110.55355072021484,0.1531868726015091,2019/08/20 07:43:50.681
54.515625,110.55355072021484,0.06925040483474731,2019/08/20 07:43:50.795
54.51559829711914,110.55355072021484,0.07560121268033981,2019/08/20 07:43:50.883
54.519779205322266,110.55355834960938,0.1579238474369049,2019/08/20 07:43:50.978
54.52819061279297,110.55359649658203,0.2633495032787323,2019/08/20 07:43:51.085
54.537147521972656,110.55361938476562,-0.05064626410603523,2019/08/20 07:43:51.178
54.54558181762695,110.5536117553711,0.010072140954434872,2019/08/20 07:43:51.286
54.55411911010742,110.55361938476562,0.02563873678445816,2019/08/20 07:43:51.377
54.56285095214844,110.5536117553711,-0.030041838064789772,2019/08/20 07:43:51.487
54.57366180419922,110.5536117553711,0.01124734990298748,2019/08/20 07:43:51.576
54.58232116699219,110.5536117553711,-0.025457996875047684,2019/08/20 07:43:51.693
54.59103012084961,110.5536117553711,-0.016959479078650475,2019/08/20 07:43:51.781
54.598995208740234,110.55626678466797,0.13014763593673706,2019/08/20 07:43:51.882
54.60614013671875,110.55654907226562,0.13295681774616241,2019/08/20 07:43:51.980
54.61039733886719,110.55656433105469,0.22131533920764923,2019/08/20 07:43:52.087
54.61240005493164,110.55657196044922,0.1838870495557785,2019/08/20 07:43:52.175
54.61415481567383,110.55657958984375,0.21066302061080933,2019/08/20 07:43:52.292
54.61603546142578,110.55658721923828,0.17378464341163635,2019/08/20 07:43:52.373
54.61586380004883,110.55658721923828,0.2368302345275879,2019/08/20 07:43:52.478
54.61583709716797,110.55658721923828,0.22492951154708862,2019/08/20 07:43:52.571
54.61586380004883,110.55658721923828,0.23128031194210052,2019/08/20 07:43:52.688
54.61586380004883,110.55658721923828,0.23128031194210052,2019/08/20 07:43:52.833
54.61586380004883,110.55658721923828,0.23128031194210052,2019/08/20 07:43:52.882
54.61586380004883,110.55658721923828,0.23128031194210052,2019/08/20 07:43:53.000
54.61586380004883,110.55658721923828,0.23128031194210052,2019/08/20 07:43:53.082
54.618858337402344,110.55659484863281,0.2488488405942917,2019/08/20 07:43:53.173
54.62670135498047,110.55664825439453,0.44909733533859253,2019/08/20 07:43:53.275
54.63565444946289,110.55670166015625,0.21493934094905853,2019/08/20 07:43:53.374
54.644290924072266,110.55672454833984,0.17610260844230652,2019/08/20 07:43:53.481
54.65270233154297,110.5567626953125,0.2510829567909241,2019/08/20 07:43:53.596
54.66141128540039,110.5567855834961,0.15754826366901398,2019/08/20 07:43:53.687
54.670066833496094,110.55682373046875,0.23318785429000854,2019/08/20 07:43:53.779
54.680904388427734,110.5568618774414,0.20546646416187286,2019/08/20 07:43:53.879
54.68951416015625,110.55689239501953,0.1973867565393448,2019/08/20 07:43:53.976
54.69814682006836,110.55692291259766,0.20907728374004364,2019/08/20 07:43:54.074
54.70566940307617,110.55694580078125,0.17355865240097046,2019/08/20 07:43:54.177
54.710567474365234,110.55696105957031,0.20653173327445984,2019/08/20 07:43:54.275
54.712745666503906,110.55696868896484,0.16830690205097198,2019/08/20 07:43:54.375
54.7144775390625,110.55697631835938,0.20861750841140747,2019/08/20 07:43:54.475
54.71628189086914,110.5569839477539,0.16261471807956696,2019/08/20 07:43:54.582
54.71670150756836,110.5569839477539,0.2264077514410019,2019/08/20 07:43:54.675
54.71648025512695,110.5569839477539,0.18125265836715698,2019/08/20 07:43:54.782
54.71650695800781,110.5569839477539,0.18101255595684052,2019/08/20 07:43:54.962
54.71648025512695,110.5569839477539,0.1784081608057022,2019/08/20 07:43:54.998
54.71648025512695,110.5569839477539,0.1784081608057022,2019/08/20 07:43:55.078
54.72029113769531,110.55699920654297,0.23365706205368042,2019/08/20 07:43:55.182
54.72845458984375,110.55704498291016,0.37712469696998596,2019/08/20 07:43:55.279
54.73956298828125,110.55708312988281,0.015415010042488575,2019/08/20 07:43:55.382
54.74812316894531,110.55709838867188,0.16767674684524536,2019/08/20 07:43:55.481
54.75673294067383,110.55712127685547,0.11441392451524734,2019/08/20 07:43:55.591
54.76544189453125,110.55713653564453,0.09231877326965332,2019/08/20 07:43:55.676
54.77410125732422,110.5571517944336,0.09613560140132904,2019/08/20 07:43:55.796
54.782711029052734,110.55715942382812,0.07584645599126816,2019/08/20 07:43:55.876
54.7913932800293,110.55717468261719,0.058018967509269714,2019/08/20 07:43:55.984
54.80119705200195,110.55652618408203,0.08081455528736115,2019/08/20 07:43:56.076
54.81755447387695,110.55213928222656,0.173387348651886,2019/08/20 07:43:56.182
54.82114028930664,110.55215454101562,0.26519322395324707,2019/08/20 07:43:56.275
54.822998046875,110.55216217041016,0.18902763724327087,2019/08/20 07:43:56.386
54.82475280761719,110.55216979980469,0.2437451034784317,2019/08/20 07:43:56.480
54.82651138305664,110.55216979980469,0.20426109433174133,2019/08/20 07:43:56.593
54.82695388793945,110.55217742919922,0.3456626534461975,2019/08/20 07:43:56.678
54.82675552368164,110.55217742919922,0.2732993960380554,2019/08/20 07:43:56.795
54.8267822265625,110.55217742919922,0.28216883540153503,2019/08/20 07:43:56.926
54.8267822265625,110.55217742919922,0.29539844393730164,2019/08/20 07:43:56.989
54.82796859741211,110.55217742919922,0.2838245928287506,2019/08/20 07:43:57.074
54.8343505859375,110.5522232055664,0.46990153193473816,2019/08/20 07:43:57.184
54.842960357666016,110.55226135253906,0.06949330121278763,2019/08/20 07:43:57.277
54.85206604003906,110.55227661132812,0.22123703360557556,2019/08/20 07:43:57.381
54.861045837402344,110.55232238769531,0.2563398480415344,2019/08/20 07:43:57.479
54.86965560913086,110.55236053466797,0.2665770649909973,2019/08/20 07:43:57.583
54.897884368896484,110.55249786376953,0.290898859500885,2019/08/20 07:43:57.955
54.90654373168945,110.55254364013672,0.3062806725502014,2019/08/20 07:43:57.993
54.90654373168945,110.55254364013672,0.3062806725502014,2019/08/20 07:43:58.022
54.90654373168945,110.55254364013672,0.3062806725502014,2019/08/20 07:43:58.055
54.91482925415039,110.5525894165039,0.2971247732639313,2019/08/20 07:43:58.084
54.92066955566406,110.55261993408203,0.34623491764068604,2019/08/20 07:43:58.180
54.923316955566406,110.5526351928711,0.299819678068161,2019/08/20 07:43:58.274
54.92551803588867,110.55264282226562,0.3334953784942627,2019/08/20 07:43:58.381
54.927398681640625,110.55265808105469,0.2985684275627136,2019/08/20 07:43:58.495
54.92794418334961,110.55265808105469,0.30438661575317383,2019/08/20 07:43:58.590
54.928016662597656,110.55265808105469,0.3579438626766205,2019/08/20 07:43:58.678
54.928016662597656,110.55265808105469,0.335205078125,2019/08/20 07:43:58.835
54.92799377441406,110.55265808105469,0.340435266494751,2019/08/20 07:43:58.899
54.92799377441406,110.55265808105469,0.340435266494751,2019/08/20 07:43:59.005
54.92799377441406,110.55265808105469,0.340435266494751,2019/08/20 07:43:59.077
54.93929672241211,110.55274963378906,0.5305994749069214,2019/08/20 07:43:59.296
54.93929672241211,110.55274963378906,0.5305994749069214,2019/08/20 07:43:59.327
54.9482307434082,110.55281066894531,0.27963191270828247,2019/08/20 07:43:59.382
54.956787109375,110.5528564453125,0.33465659618377686,2019/08/20 07:43:59.482
54.96529769897461,110.55290222167969,0.31039756536483765,2019/08/20 07:43:59.578
54.974082946777344,110.5529556274414,0.33190152049064636,2019/08/20 07:43:59.679
54.98281478881836,110.5530014038086,0.3239607512950897,2019/08/20 07:43:59.788
54.99132537841797,110.55304718017578,0.3150792419910431,2019/08/20 07:43:59.886
55.002113342285156,110.55310821533203,0.32954612374305725,2019/08/20 07:43:59.980
55.010746002197266,110.55315399169922,0.30988913774490356,2019/08/20 07:44:00.078
55.024330139160156,110.55663299560547,0.35529014468193054,2019/08/20 07:44:00.182
55.02912902832031,110.55665588378906,0.36329734325408936,2019/08/20 07:44:00.288
55.03105926513672,110.55667114257812,0.36242449283599854,2019/08/20 07:44:00.382
55.03266906738281,110.55667877197266,0.3664647936820984,2019/08/20 07:44:00.483
55.034549713134766,110.55669403076172,0.3507046699523926,2019/08/20 07:44:00.582
55.03499221801758,110.55669403076172,0.4242929518222809,2019/08/20 07:44:00.683
55.03487014770508,110.55669403076172,0.376497358083725,2019/08/20 07:44:00.816
55.03487014770508,110.55669403076172,0.3927520513534546,2019/08/20 07:44:00.879
55.03840637207031,110.55671691894531,0.44720298051834106,2019/08/20 07:44:00.984
55.0463981628418,110.55679321289062,0.5498297810554504,2019/08/20 07:44:01.081
55.05542755126953,110.5568618774414,0.2719232439994812,2019/08/20 07:44:01.181
55.064064025878906,110.55690002441406,0.3351671099662781,2019/08/20 07:44:01.283
55.072547912597656,110.55695343017578,0.3159731924533844,2019/08/20 07:44:01.382
55.0835075378418,110.5570068359375,0.29454976320266724,2019/08/20 07:44:01.479
55.092166900634766,110.55705261230469,0.3363736569881439,2019/08/20 07:44:01.581
55.10072708129883,110.5571060180664,0.30421048402786255,2019/08/20 07:44:01.680
55.10940933227539,110.5571517944336,0.32365551590919495,2019/08/20 07:44:01.784
55.11806869506836,110.55719757080078,0.3076041638851166,2019/08/20 07:44:01.882
55.12541580200195,110.55723571777344,0.27272313833236694,2019/08/20 07:44:01.979
55.13029098510742,110.55726623535156,0.3497089445590973,2019/08/20 07:44:02.079
55.1328125,110.55728149414062,0.34429624676704407,2019/08/20 07:44:02.174
55.134521484375,110.55728912353516,0.344725638628006,2019/08/20 07:44:02.280
55.13558578491211,110.55729675292969,0.29621416330337524,2019/08/20 07:44:02.378
55.1355094909668,110.55729675292969,0.2606973350048065,2019/08/20 07:44:02.488
55.1354866027832,110.55729675292969,0.2796292304992676,2019/08/20 07:44:02.624
55.1354866027832,110.55729675292969,0.2796292304992676,2019/08/20 07:44:02.676
55.13815689086914,110.55730438232422,0.2934989631175995,2019/08/20 07:44:02.782
55.145751953125,110.55736541748047,0.5083456039428711,2019/08/20 07:44:02.880
55.15693664550781,110.55743408203125,0.14741380512714386,2019/08/20 07:44:02.979
55.16551971435547,110.55745697021484,0.2567729353904724,2019/08/20 07:44:03.075
55.17403030395508,110.5574951171875,0.23003044724464417,2019/08/20 07:44:03.177
55.18278884887695,110.55752563476562,0.15173861384391785,2019/08/20 07:44:03.277
55.19139862060547,110.55755615234375,0.19470709562301636,2019/08/20 07:44:03.379
55.20003128051758,110.55758666992188,0.19414614140987396,2019/08/20 07:44:03.480
55.20869064331055,110.55760955810547,0.18688945472240448,2019/08/20 07:44:03.606
55.21739959716797,110.5576400756836,0.15438632667064667,2019/08/20 07:44:03.675
55.23153305053711,110.55531311035156,0.24278827011585236,2019/08/20 07:44:03.788
55.23601150512695,110.55533599853516,0.34019938111305237,2019/08/20 07:44:03.875
55.23796844482422,110.55534362792969,0.3396250009536743,2019/08/20 07:44:03.988
55.23965072631836,110.55535125732422,0.34740790724754333,2019/08/20 07:44:04.076
55.24128341674805,110.55536651611328,0.3259386122226715,2019/08/20 07:44:04.181
55.24190139770508,110.55536651611328,0.4145381450653076,2019/08/20 07:44:04.282
55.241676330566406,110.55536651611328,0.3854617774486542,2019/08/20 07:44:04.419
55.241676330566406,110.55536651611328,0.3844491243362427,2019/08/20 07:44:04.481
55.243385314941406,110.55537414550781,0.3949718773365021,2019/08/20 07:44:04.584
55.25090408325195,110.5554428100586,0.633158802986145,2019/08/20 07:44:04.681
55.25993347167969,110.55552673339844,0.41331911087036133,2019/08/20 07:44:04.786
55.26866912841797,110.55557250976562,0.2492343932390213,2019/08/20 07:44:04.885
55.277130126953125,110.55561828613281,0.3736759424209595,2019/08/20 07:44:04.987
55.28581237792969,110.55567169189453,0.29057955741882324,2019/08/20 07:44:05.079
55.2945442199707,110.55571746826172,0.33098235726356506,2019/08/20 07:44:05.184
55.30528259277344,110.55577850341797,0.3246874213218689,2019/08/20 07:44:05.278
55.31396484375,110.55583190917969,0.3162866532802582,2019/08/20 07:44:05.385
55.32262420654297,110.55587768554688,0.33050182461738586,2019/08/20 07:44:05.479
55.33061599731445,110.55592346191406,0.3217436969280243,2019/08/20 07:44:05.581
55.33610916137695,110.55595397949219,0.36755526065826416,2019/08/20 07:44:05.679
55.338382720947266,110.55596923828125,0.32220911979675293,2019/08/20 07:44:05.797
55.34004211425781,110.55597686767578,0.3408992290496826,2019/08/20 07:44:05.883
55.34246826171875,110.55599212646484,0.3135746717453003,2019/08/20 07:44:05.978
55.34318542480469,110.55599975585938,0.4012647569179535,2019/08/20 07:44:06.073
55.34345626831055,110.55599975585938,0.3652726113796234,2019/08/20 07:44:06.180
55.34345626831055,110.55599975585938,0.3653390109539032,2019/08/20 07:44:06.275
55.34345626831055,110.55599975585938,0.3721165060997009,2019/08/20 07:44:06.377
55.34345626831055,110.55599975585938,0.3721165060997009,2019/08/20 07:44:06.477
55.34345626831055,110.55599975585938,0.3721165060997009,2019/08/20 07:44:06.579
55.34345626831055,110.55599975585938,0.3721165060997009,2019/08/20 07:44:06.725
55.34345626831055,110.55599975585938,0.3721165060997009,2019/08/20 07:44:06.784
55.34345626831055,110.55599975585938,0.3721165060997009,2019/08/20 07:44:06.901
55.34345626831055,110.55599975585938,0.3721165060997009,2019/08/20 07:44:06.981
55.34746551513672,110.5560302734375,0.4380228817462921,2019/08/20 07:44:07.078
55.35530471801758,110.55609130859375,0.42494508624076843,2019/08/20 07:44:07.175
55.36445999145508,110.55614471435547,0.29299497604370117,2019/08/20 07:44:07.281
55.37324142456055,110.55619812011719,0.3681429624557495,2019/08/20 07:44:07.374
55.38187789916992,110.5562515258789,0.3770417869091034,2019/08/20 07:44:07.484
55.39278793334961,110.55632019042969,0.35979971289634705,2019/08/20 07:44:07.579
55.40144729614258,110.55638122558594,0.35956892371177673,2019/08/20 07:44:07.686
55.41012954711914,110.55643463134766,0.3674536645412445,2019/08/20 07:44:07.774
55.41878890991211,110.55648803710938,0.3537884056568146,2019/08/20 07:44:07.889
55.427371978759766,110.5565414428711,0.36160486936569214,2019/08/20 07:44:07.985
55.43408966064453,110.5577392578125,0.4745727479457855,2019/08/20 07:44:08.089
55.43601608276367,110.56126403808594,0.9285472631454468,2019/08/20 07:44:08.176
55.43826675415039,110.5613021850586,0.915602445602417,2019/08/20 07:44:08.284
55.44007110595703,110.56132507324219,0.9073804616928101,2019/08/20 07:44:08.377
55.441558837890625,110.56134796142578,0.8965575098991394,2019/08/20 07:44:08.482
55.44205093383789,110.56135559082031,0.837074339389801,2019/08/20 07:44:08.575
55.44205093383789,110.56135559082031,0.9049895405769348,2019/08/20 07:44:08.698
55.44205093383789,110.56135559082031,0.8791615962982178,2019/08/20 07:44:08.778
55.444969177246094,110.5614013671875,0.8949059247970581,2019/08/20 07:44:08.886
55.454864501953125,110.56157684326172,1.0369620323181152,2019/08/20 07:44:08.993
55.46382141113281,110.56172180175781,0.7549186944961548,2019/08/20 07:44:09.081
55.472328186035156,110.56183624267578,0.7997393012046814,2019/08/20 07:44:09.177
55.48088836669922,110.56195831298828,0.8272556662559509,2019/08/20 07:44:09.285
55.489646911621094,110.56208038330078,0.7719244360923767,2019/08/20 07:44:09.381
55.498329162597656,110.56219482421875,0.7905550003051758,2019/08/20 07:44:09.492
55.506961822509766,110.56231689453125,0.7998186349868774,2019/08/20 07:44:09.578
55.515594482421875,110.56243896484375,0.7729815244674683,2019/08/20 07:44:09.718
55.526432037353516,110.56258392333984,0.7841667532920837,2019/08/20 07:44:09.783
55.53335952758789,110.56267547607422,0.7977076768875122,2019/08/20 07:44:09.886
55.53791046142578,110.562744140625,0.8283581733703613,2019/08/20 07:44:09.984
55.54001235961914,110.56277465820312,0.8503791689872742,2019/08/20 07:44:10.081
55.54169464111328,110.56279754638672,0.8280768990516663,2019/08/20 07:44:10.179
55.543251037597656,110.56282043457031,0.809245228767395,2019/08/20 07:44:10.285
55.54322814941406,110.56282043457031,0.8714998364448547,2019/08/20 07:44:10.377
55.5430793762207,110.56282043457031,0.8005824685096741,2019/08/20 07:44:10.490
55.54310607910156,110.56282043457031,0.8069332242012024,2019/08/20 07:44:10.576
55.546714782714844,110.56287384033203,0.8657549619674683,2019/08/20 07:44:10.680
55.55497741699219,110.56301879882812,1.060341477394104,2019/08/20 07:44:10.778
55.563907623291016,110.56316375732422,0.7419384121894836,2019/08/20 07:44:10.886
55.57246780395508,110.56327056884766,0.7902978658676147,2019/08/20 07:44:10.986
55.58095169067383,110.56339263916016,0.786463737487793,2019/08/20 07:44:11.095
55.58980941772461,110.56350708007812,0.6962271332740784,2019/08/20 07:44:11.178
55.60059356689453,110.56364440917969,0.7939813733100891,2019/08/20 07:44:11.280
55.60922622680664,110.56376647949219,0.7411735653877258,2019/08/20 07:44:11.384
55.617835998535156,110.56387329101562,0.7253423929214478,2019/08/20 07:44:11.480
55.626468658447266,110.5639877319336,0.7752100825309753,2019/08/20 07:44:11.583
55.63391876220703,110.56407928466797,0.7130877375602722,2019/08/20 07:44:11.677
55.635616302490234,110.56307983398438,0.9893624186515808,2019/08/20 07:44:11.783
55.63751983642578,110.56311798095703,0.9412276744842529,2019/08/20 07:44:11.875
55.63917922973633,110.56314086914062,0.9651587605476379,2019/08/20 07:44:11.990
55.641204833984375,110.56317901611328,0.9347763061523438,2019/08/20 07:44:12.076
55.64152908325195,110.56317901611328,1.0402090549468994,2019/08/20 07:44:12.188
55.64142990112305,110.56317901611328,1.013902187347412,2019/08/20 07:44:12.290
55.64142990112305,110.56317901611328,1.012285828590393,2019/08/20 07:44:12.384
55.645164489746094,110.56324768066406,1.0722287893295288,2019/08/20 07:44:12.478
55.653228759765625,110.56341552734375,1.2966536283493042,2019/08/20 07:44:12.589
55.662254333496094,110.56359100341797,0.9511091113090515,2019/08/20 07:44:12.679
55.67091369628906,110.56373596191406,0.9798844456672668,2019/08/20 07:44:12.788
55.681575775146484,110.56392669677734,1.0043275356292725,2019/08/20 07:44:12.876
55.6903076171875,110.56407928466797,0.9759774804115295,2019/08/20 07:44:12.994
55.69891357421875,110.56422424316406,1.0112258195877075,2019/08/20 07:44:13.078
55.707523345947266,110.56437683105469,0.9758001565933228,2019/08/20 07:44:13.201
55.716182708740234,110.56452178955078,1.0062841176986694,2019/08/20 07:44:13.275
55.724815368652344,110.5646743774414,0.9827099442481995,2019/08/20 07:44:13.396
55.732261657714844,110.56480407714844,0.9732620120048523,2019/08/20 07:44:13.477
55.73748016357422,110.56489562988281,0.9884070158004761,2019/08/20 07:44:13.589
55.739383697509766,110.56492614746094,0.9849815368652344,2019/08/20 07:44:13.674
55.74111557006836,110.56495666503906,1.005326509475708,2019/08/20 07:44:13.789
55.74284744262695,110.56498718261719,0.97425776720047,2019/08/20 07:44:13.875
55.743343353271484,110.56499481201172,0.9666230082511902,2019/08/20 07:44:14.025
55.743194580078125,110.56499481201172,0.9581194519996643,2019/08/20 07:44:14.085
55.743194580078125,110.56499481201172,0.9412069320678711,2019/08/20 07:44:14.184
55.743194580078125,110.56499481201172,0.9412069320678711,2019/08/20 07:44:14.276
55.747596740722656,110.5650634765625,0.9850744605064392,2019/08/20 07:44:14.377
55.75600814819336,110.56522369384766,1.0913517475128174,2019/08/20 07:44:14.482
55.765010833740234,110.56537628173828,0.8155311942100525,2019/08/20 07:44:14.576
55.77354431152344,110.56549835205078,0.9190751910209656,2019/08/20 07:44:14.683
55.782127380371094,110.56564331054688,0.8898311853408813,2019/08/20 07:44:14.792
55.790836334228516,110.5657730102539,0.8558462262153625,2019/08/20 07:44:14.932
55.799495697021484,110.56590270996094,0.9058071970939636,2019/08/20 07:44:14.996
55.81025314331055,110.56607055664062,0.8634849786758423,2019/08/20 07:44:15.089
55.818939208984375,110.56620025634766,0.8828853964805603,2019/08/20 07:44:15.178
55.82749557495117,110.56633758544922,0.873481273651123,2019/08/20 07:44:15.285
55.83464431762695,110.56632995605469,0.8514552712440491,2019/08/20 07:44:15.384
55.8370361328125,110.56425476074219,0.8164164423942566,2019/08/20 07:44:15.484
55.83879470825195,110.56427764892578,0.776580274105072,2019/08/20 07:44:15.584
55.840599060058594,110.56430053710938,0.823370635509491,2019/08/20 07:44:15.686
55.84309768676758,110.56433868408203,0.899839460849762,2019/08/20 07:44:16.101
55.843074798583984,110.56433868408203,0.8934886455535889,2019/08/20 07:44:16.179
55.843074798583984,110.56433868408203,0.8934886455535889,2019/08/20 07:44:16.245
55.845943450927734,110.56438446044922,0.8991720080375671,2019/08/20 07:44:16.288
55.845943450927734,110.56438446044922,0.8991720080375671,2019/08/20 07:44:16.317
55.845943450927734,110.56438446044922,0.8991720080375671,2019/08/20 07:44:16.348
55.85383224487305,110.56452941894531,1.221186637878418,2019/08/20 07:44:16.379
55.86271286010742,110.564697265625,0.9103624224662781,2019/08/20 07:44:16.483
55.8734016418457,110.56485748291016,0.8992461562156677,2019/08/20 07:44:16.579
55.881935119628906,110.56499481201172,0.8845332860946655,2019/08/20 07:44:16.687
55.89064025878906,110.56512451171875,0.88450688123703,2019/08/20 07:44:16.776
55.89927673339844,110.56526184082031,0.8943740725517273,2019/08/20 07:44:16.882
55.907958984375,110.56539916992188,0.8780468106269836,2019/08/20 07:44:16.976
55.9166145324707,110.5655288696289,0.8833353519439697,2019/08/20 07:44:17.091
55.92512512207031,110.56566619873047,0.8965499401092529,2019/08/20 07:44:17.180
55.933040618896484,110.56578826904297,0.875245988368988,2019/08/20 07:44:17.288
55.93863296508789,110.56587219238281,0.8778908848762512,2019/08/20 07:44:17.379
55.940338134765625,110.5658950805664,0.8810312747955322,2019/08/20 07:44:17.482
55.94207000732422,110.56592559814453,0.9011598229408264,2019/08/20 07:44:17.579
55.94365310668945,110.56594848632812,0.87330561876297,2019/08/20 07:44:17.687
55.94390106201172,110.56594848632812,0.9727631211280823,2019/08/20 07:44:17.777
55.94367980957031,110.56594848632812,0.9082467555999756,2019/08/20 07:44:17.927
55.94367980957031,110.56594848632812,0.9344382286071777,2019/08/20 07:44:17.986
55.9444694519043,110.56596374511719,0.9353352785110474,2019/08/20 07:44:18.091
55.95330047607422,110.56612396240234,1.1837271451950073,2019/08/20 07:44:18.174
55.9622802734375,110.56629180908203,0.9358914494514465,2019/08/20 07:44:18.284
55.97091293334961,110.56641387939453,0.8219687938690186,2019/08/20 07:44:18.376
55.97944641113281,110.5665512084961,0.9646111726760864,2019/08/20 07:44:18.486
55.98817825317383,110.56668853759766,0.8562781810760498,2019/08/20 07:44:18.580
55.996788024902344,110.56681823730469,0.9018141627311707,2019/08/20 07:44:18.684
56.00542068481445,110.56695556640625,0.8960515856742859,2019/08/20 07:44:18.775
56.016204833984375,110.56712341308594,0.9025028347969055,2019/08/20 07:44:18.879
56.024742126464844,110.5672607421875,0.8911036849021912,2019/08/20 07:44:18.981
56.03282928466797,110.5673828125,0.8813446760177612,2019/08/20 07:44:19.082
56.039730072021484,110.56488800048828,0.8573185205459595,2019/08/20 07:44:19.179
56.04539489746094,110.55867767333984,0.6488896608352661,2019/08/20 07:44:19.281
56.047027587890625,110.5586929321289,0.6613624095916748,2019/08/20 07:44:19.385
56.04893112182617,110.5587158203125,0.6442320942878723,2019/08/20 07:44:19.478
56.04984664916992,110.55872344970703,0.684833824634552,2019/08/20 07:44:19.577
56.05026626586914,110.55873107910156,0.6397429704666138,2019/08/20 07:44:19.676
56.0504150390625,110.55873107910156,0.6489442586898804,2019/08/20 07:44:19.787
56.05044174194336,110.55873107910156,0.6667092442512512,2019/08/20 07:44:19.936
56.05044174194336,110.55873107910156,0.6667092442512512,2019/08/20 07:44:19.987
56.05044174194336,110.55873107910156,0.6667092442512512,2019/08/20 07:44:20.090
56.05044174194336,110.55873107910156,0.6667092442512512,2019/08/20 07:44:20.182
56.051578521728516,110.55874633789062,0.6693292856216431,2019/08/20 07:44:20.279
56.05850601196289,110.558837890625,0.9146481156349182,2019/08/20 07:44:20.382
56.06956481933594,110.55900573730469,0.6958259344100952,2019/08/20 07:44:20.475
56.07817077636719,110.55909729003906,0.620048463344574,2019/08/20 07:44:20.591
56.08658218383789,110.5592041015625,0.7418621778488159,2019/08/20 07:44:20.675
56.095340728759766,110.5593032836914,0.6386639475822449,2019/08/20 07:44:20.778
56.104000091552734,110.55940246582031,0.686694860458374,2019/08/20 07:44:20.875
56.112632751464844,110.55950927734375,0.6796949505805969,2019/08/20 07:44:20.988
56.121315002441406,110.55960845947266,0.6597164273262024,2019/08/20 07:44:21.081
56.13215255737305,110.55973815917969,0.6764059066772461,2019/08/20 07:44:21.179
56.139671325683594,110.55982208251953,0.6415121555328369,2019/08/20 07:44:21.274
56.14508819580078,110.55988311767578,0.6931928396224976,2019/08/20 07:44:21.384
56.147438049316406,110.5599136352539,0.6906512975692749,2019/08/20 07:44:21.482
56.149147033691406,110.5599365234375,0.6827601790428162,2019/08/20 07:44:21.583
56.15087890625,110.55995178222656,0.6793341636657715,2019/08/20 07:44:21.677
56.15156936645508,110.5599594116211,0.7392271161079407,2019/08/20 07:44:21.780
56.15156936645508,110.5599594116211,0.6608932614326477,2019/08/20 07:44:21.935
56.15156936645508,110.5599594116211,0.671856164932251,2019/08/20 07:44:21.993
56.154911041259766,110.56000518798828,0.7206050753593445,2019/08/20 07:44:22.073
56.16284942626953,110.56011962890625,0.8969008326530457,2019/08/20 07:44:22.194
56.171905517578125,110.56024169921875,0.6018390655517578,2019/08/20 07:44:22.273
56.18046569824219,110.5603256225586,0.620165228843689,2019/08/20 07:44:22.384
56.18902587890625,110.5604248046875,0.6566693186759949,2019/08/20 07:44:22.476
56.197757720947266,110.5605239868164,0.637867271900177,2019/08/20 07:44:22.583
56.208518981933594,110.56063842773438,0.6447495222091675,2019/08/20 07:44:22.674
56.21712875366211,110.56073760986328,0.6372541785240173,2019/08/20 07:44:22.791
56.22581100463867,110.56083679199219,0.6502110958099365,2019/08/20 07:44:22.879
56.234371185302734,110.56092834472656,0.637675404548645,2019/08/20 07:44:22.979
56.241790771484375,110.5610122680664,0.6155327558517456,2019/08/20 07:44:23.075
56.246639251708984,110.56106567382812,0.6665046215057373,2019/08/20 07:44:23.183
56.24519348144531,110.56196594238281,0.4064237177371979,2019/08/20 07:44:23.281
56.246925354003906,110.56198120117188,0.4419727027416229,2019/08/20 07:44:23.384
56.24868392944336,110.5619888305664,0.41645538806915283,2019/08/20 07:44:23.477
56.24915313720703,110.56199645996094,0.35874074697494507,2019/08/20 07:44:23.606
56.24922561645508,110.56199645996094,0.46118003129959106,2019/08/20 07:44:23.726
56.24922561645508,110.56199645996094,0.4117729961872101,2019/08/20 07:44:23.779
56.24991989135742,110.56200408935547,0.40068238973617554,2019/08/20 07:44:23.876
56.256500244140625,110.56205749511719,0.6614716053009033,2019/08/20 07:44:23.986
56.26543045043945,110.5621566772461,0.5224277377128601,2019/08/20 07:44:24.079
56.27431106567383,110.56222534179688,0.37313076853752136,2019/08/20 07:44:24.179
56.284976959228516,110.56230163574219,0.4414447844028473,2019/08/20 07:44:24.277
56.29368209838867,110.56236267089844,0.3907754123210907,2019/08/20 07:44:24.381
56.30234146118164,110.56242370605469,0.4126041531562805,2019/08/20 07:44:24.480
56.31102752685547,110.56248474121094,0.4031960070133209,2019/08/20 07:44:24.577
56.319610595703125,110.56254577636719,0.4012215733528137,2019/08/20 07:44:24.679
56.328269958496094,110.56260681152344,0.3988701403141022,2019/08/20 07:44:24.778
56.33670425415039,110.56266784667969,0.39496201276779175,2019/08/20 07:44:24.883
56.343929290771484,110.56271362304688,0.369648814201355,2019/08/20 07:44:24.980
56.34635543823242,110.56273651123047,0.4007347524166107,2019/08/20 07:44:25.089
56.347938537597656,110.562744140625,0.39464443922042847,2019/08/20 07:44:25.180
56.34979248046875,110.56275939941406,0.37741488218307495,2019/08/20 07:44:25.279
56.35100555419922,110.5627670288086,0.3792189955711365,2019/08/20 07:44:25.402
56.351104736328125,110.5627670288086,0.35625022649765015,2019/08/20 07:44:25.526
56.351078033447266,110.5627670288086,0.36436259746551514,2019/08/20 07:44:25.578
56.352787017822266,110.56277465820312,0.37712886929512024,2019/08/20 07:44:25.681
56.36018371582031,110.56283569335938,0.5464897155761719,2019/08/20 07:44:25.779
56.36909103393555,110.56291198730469,0.35985058546066284,2019/08/20 07:44:25.882
56.377845764160156,110.56294250488281,0.20083075761795044,2019/08/20 07:44:25.976
56.38625717163086,110.56298828125,0.33712637424468994,2019/08/20 07:44:26.080
56.39494323730469,110.56303405761719,0.25718948245048523,2019/08/20 07:44:26.186
56.40365219116211,110.56307220458984,0.25613805651664734,2019/08/20 07:44:26.299
56.41216278076172,110.5631103515625,0.29612618684768677,2019/08/20 07:44:26.377
56.422996520996094,110.56316375732422,0.26400554180145264,2019/08/20 07:44:26.490
56.43165588378906,110.56320190429688,0.2849148213863373,2019/08/20 07:44:26.573
56.43976974487305,110.56324005126953,0.2529445290565491,2019/08/20 07:44:26.692
56.445533752441406,110.56327056884766,0.33938834071159363,2019/08/20 07:44:26.774
56.446231842041016,110.56734466552734,0.14657190442085266,2019/08/20 07:44:26.884
56.447914123535156,110.56734466552734,0.13664650917053223,2019/08/20 07:44:26.979
56.449546813964844,110.56735229492188,0.1682886928319931,2019/08/20 07:44:27.077
56.450286865234375,110.56735229492188,0.01970537006855011,2019/08/20 07:44:27.229
56.450313568115234,110.56735229492188,0.21209344267845154,2019/08/20 07:44:27.344
56.450313568115234,110.56735229492188,0.150729700922966,2019/08/20 07:44:27.484
56.450313568115234,110.56735229492188,0.1428585648536682,2019/08/20 07:44:27.529
56.450313568115234,110.56735229492188,0.1428585648536682,2019/08/20 07:44:27.575
56.450313568115234,110.56735229492188,0.1428585648536682,2019/08/20 07:44:27.677
56.450313568115234,110.56735229492188,0.1428585648536682,2019/08/20 07:44:27.772
56.450313568115234,110.56735229492188,0.1428585648536682,2019/08/20 07:44:27.878
56.450313568115234,110.56735229492188,0.1428585648536682,2019/08/20 07:44:27.972
56.450313568115234,110.56735229492188,0.1428585648536682,2019/08/20 07:44:28.076
56.450313568115234,110.56735229492188,0.1428585648536682,2019/08/20 07:44:28.185
56.450313568115234,110.56735229492188,0.1428585648536682,2019/08/20 07:44:28.273
56.450313568115234,110.56735229492188,0.1428585648536682,2019/08/20 07:44:28.377
56.450313568115234,110.56735229492188,0.1428585648536682,2019/08/20 07:44:28.475
56.450313568115234,110.56735229492188,0.1428585648536682,2019/08/20 07:44:28.574
56.450313568115234,110.56735229492188,0.1428585648536682,2019/08/20 07:44:28.675
56.450313568115234,110.56735229492188,0.1428585648536682,2019/08/20 07:44:28.774
56.450313568115234,110.56735229492188,0.1428585648536682,2019/08/20 07:44:28.870
56.450313568115234,110.56735229492188,0.1428585648536682,2019/08/20 07:44:28.980
56.450313568115234,110.56735229492188,0.1428585648536682,2019/08/20 07:44:29.077
56.450313568115234,110.56735229492188,0.1428585648536682,2019/08/20 07:44:29.187
56.450313568115234,110.56735229492188,0.1428585648536682,2019/08/20 07:44:29.286
56.450313568115234,110.56735229492188,0.1428585648536682,2019/08/20 07:44:29.376
56.450313568115234,110.56735229492188,0.1428585648536682,2019/08/20 07:44:29.481
56.450313568115234,110.56735229492188,0.1428585648536682,2019/08/20 07:44:29.628
56.450313568115234,110.56735229492188,0.1428585648536682,2019/08/20 07:44:29.672
56.450313568115234,110.56735229492188,0.1428585648536682,2019/08/20 07:44:29.780
56.450313568115234,110.56735229492188,0.1428585648536682,2019/08/20 07:44:29.877
56.450313568115234,110.56735229492188,0.1428585648536682,2019/08/20 07:44:29.985
56.450313568115234,110.56735229492188,0.1428585648536682,2019/08/20 07:44:30.075
56.450313568115234,110.56735229492188,0.1428585648536682,2019/08/20 07:44:30.194
56.450313568115234,110.56735229492188,0.1428585648536682,2019/08/20 07:44:30.270
56.450313568115234,110.56735229492188,0.1428585648536682,2019/08/20 07:44:30.383
56.450313568115234,110.56735229492188,0.1428585648536682,2019/08/20 07:44:30.474
56.450313568115234,110.56735229492188,0.1428585648536682,2019/08/20 07:44:30.583
56.450313568115234,110.56735229492188,0.1428585648536682,2019/08/20 07:44:30.681
56.450313568115234,110.56735229492188,0.1428585648536682,2019/08/20 07:44:30.781
56.450313568115234,110.56735229492188,0.1428585648536682,2019/08/20 07:44:30.871
56.450313568115234,110.56735229492188,0.1428585648536682,2019/08/20 07:44:30.985
56.450313568115234,110.56735229492188,0.1428585648536682,2019/08/20 07:44:31.070
56.450313568115234,110.56735229492188,0.1428585648536682,2019/08/20 07:44:31.185
56.450313568115234,110.56735229492188,0.1428585648536682,2019/08/20 07:44:31.275
56.450313568115234,110.56735229492188,0.1428585648536682,2019/08/20 07:44:31.384
56.450313568115234,110.56735229492188,0.1428585648536682,2019/08/20 07:44:31.474
56.450313568115234,110.56735229492188,0.1428585648536682,2019/08/20 07:44:31.584
56.450313568115234,110.56735229492188,0.1428585648536682,2019/08/20 07:44:31.671
56.450313568115234,110.56735229492188,0.1428585648536682,2019/08/20 07:44:31.778
56.450313568115234,110.56735229492188,0.1428585648536682,2019/08/20 07:44:31.871
56.450313568115234,110.56735229492188,0.1428585648536682,2019/08/20 07:44:31.981
56.450313568115234,110.56735229492188,0.1428585648536682,2019/08/20 07:44:32.076
56.450313568115234,110.56735229492188,0.1428585648536682,2019/08/20 07:44:32.172
56.450313568115234,110.56735229492188,0.1428585648536682,2019/08/20 07:44:32.279
56.450313568115234,110.56735229492188,0.1428585648536682,2019/08/20 07:44:32.375
56.450313568115234,110.56735229492188,0.1428585648536682,2019/08/20 07:44:32.479
56.450313568115234,110.56735229492188,0.1428585648536682,2019/08/20 07:44:32.575
56.450313568115234,110.56735229492188,0.1428585648536682,2019/08/20 07:44:32.673
56.450313568115234,110.56735229492188,0.1428585648536682,2019/08/20 07:44:32.777
56.450313568115234,110.56735229492188,0.1428585648536682,2019/08/20 07:44:32.876
56.450313568115234,110.56735229492188,0.1428585648536682,2019/08/20 07:44:32.972
56.450313568115234,110.56735229492188,0.1428585648536682,2019/08/20 07:44:33.075
56.450313568115234,110.56735229492188,0.1428585648536682,2019/08/20 07:44:33.174
56.450313568115234,110.56735229492188,0.1428585648536682,2019/08/20 07:44:33.282
56.450313568115234,110.56735229492188,0.1428585648536682,2019/08/20 07:44:33.375
